22,tornadoes
17,?
14,trombone
10,hinduism
10,hurricanes
10,plumbing
10,baptist
10,wikipedia
9,unmarried
8,latino
8,hurricane
7,marries
7,antennae
6,antibiotics
6,cherokee
6,precipitation
6,trumpets
5,alabama
5,november
5,wisconsin
5,tornado
5,october
5,september
5,recently
5,alexia
5,afghanistan
5,every
4,texas
4,unitarian
4,darkening
4,marriages
4,drilling
4,crambidae
4,1689
4,θ
4,preached
4,masculine
4,muslims
3,1893
3,shows
3,weddings
3,abortion
3,judaism
3,consoles
3,design
3,152
3,volleyball
3,childbirth
3,handball
3,heating
3,kentucky
3,vertebrae
3,eyelids
3,uss
3,##optera
3,married
3,percussion
3,pianos
3,painting
2,obama
2,sporadic
2,sicily
2,getting
2,1540
2,flight
2,piercing
2,orange
2,ب
2,rhythmic
2,arizona
2,welcoming
2,nasa
2,testosterone
2,italianate
2,hybrids
2,cleopatra
2,evolving
2,ª
2,mondays
2,saturn
2,oldest
2,hugging
2,gps
2,microwave
2,showers
2,thy
2,physics
2,rican
2,maternal
2,eyelashes
2,the
2,tesla
2,av
2,females
2,built
2,georgia
2,malaria
2,flushing
2,orlando
2,returns
2,reds
2,##7
2,in
2,29
2,july
2,meteorological
2,flowering
2,humid
2,frigates
2,welding
2,blues
2,bart
2,smelled
2,autism
2,jeans
2,television
2,bombing
2,wrestling
2,##ˈ
2,rihanna
2,oklahoma
2,680
2,feminism
2,skiing
2,newscasts
2,owen
2,1707
2,powerplant
2,unless
2,28
2,feb
2,arturo
2,feminine
2,butter
2,map
2,praying
2,purdue
2,american
2,news
2,clicking
2,gymnastics
2,nursing
2,illinois
2,springsteen
2,surgeon
2,sept
2,earthquakes
2,earrings
2,nurses
2,howard
2,becoming
2,surgeons
2,dentistry
2,sirens
2,florida
2,christianity
2,sore
1,.
1,barack
1,preach
1,mormon
1,organizing
1,billionaire
1,forewings
1,juliet
1,toilet
1,208
1,rarely
1,happen
1,carolina
1,reviews
1,preaching
1,cornwall
1,topical
1,11
1,thunder
1,manufactures
1,ethanol
1,used
1,abs
1,viking
1,##sam
1,browns
1,quran
1,gma
1,cnn
1,cello
1,programming
1,https
1,maryland
1,##fting
1,louisiana
1,reviewed
1,comic
1,coptic
1,voiced
1,boring
1,dinosaurs
1,espn
1,tbs
1,hunting
1,fishes
1,march
1,rome
1,kent
1,wedding
1,rises
1,unchanged
1,bolts
1,binoculars
1,defender
1,corvette
1,volvo
1,libertarian
1,rick
1,nascar
1,ron
1,grimes
1,catholics
1,hockey
1,lacrosse
1,diversity
1,why
1,indians
1,141
1,##bians
1,restored
1,07
1,cardiac
1,contraction
1,reggae
1,sicilian
1,beth
1,plainly
1,gothic
1,untitled
1,gameplay
1,c
1,163
1,##sp
1,marian
1,twitter
1,##tagram
1,filtering
1,denim
1,incorporated
1,mercedes
1,countless
1,lovely
1,chattanooga
1,guitar
1,inherited
1,paws
1,hispanic
1,spitfire
1,evenly
1,##working
1,establishes
1,astronomy
1,winters
1,expands
1,meaningless
1,swings
1,secret
1,italy
1,descends
1,mapping
1,dune
1,biotechnology
1,##⺩
1,bacterial
1,willed
1,##uity
1,sevens
1,##carriage
1,turrets
1,retracted
1,1985
1,##fires
1,heat
1,letterman
1,disapproval
1,hooves
1,pulsing
1,ipod
1,sounds
1,mma
1,grows
1,boxing
1,steaming
1,ct
1,seattle
1,⁸
1,mammals
1,species
1,penguins
1,butterfly
1,sucks
1,azure
1,tb
1,isaiah
1,cdc
1,##worm
1,patrol
1,passengers
1,potatoes
1,##ceae
1,spiders
1,seminole
1,doo
1,##avian
1,consonants
1,inhibitors
1,v
1,##ld
1,roses
1,plants
1,hickory
1,pv
1,>
1,quilt
1,sells
1,challenged
1,##⁷
1,vowels
1,bollywood
1,dawned
1,prologue
1,spring
1,luminous
1,nebula
1,astronomers
1,miniseries
1,orioles
1,58
1,subtropical
1,macon
1,oak
1,204
1,raising
1,stabilize
1,##cat
1,##vich
1,##iidae
1,diabetes
1,®
1,conditioning
1,obesity
1,asteroids
1,catholicism
1,keyboard
1,reviewing
1,sooner
1,rural
1,electrical
1,antenna
1,joints
1,52
1,bach
1,victorian
1,continental
1,plates
1,##cton
1,railways
1,tommy
1,saxe
1,music
1,main
1,throbbed
1,forearm
1,arthritis
1,bred
1,mg
1,##bbed
1,trainers
1,er
1,doctors
1,xvi
1,beyonce
1,appointments
1,honolulu
1,##wled
1,indonesia
1,nevada
1,climate
1,leyte
1,boating
1,erebidae
1,african
1,sat
1,peacefully
1,statehood
1,rico
1,`
1,##rith
1,fi
1,##ckle
1,madam
1,danced
1,predictions
1,npr
1,parenting
1,tumors
1,buzz
1,whales
1,animal
1,wheat
1,missouri
1,cretaceous
1,gonzales
1,county
1,sociology
1,brewster
1,17
1,may
1,liberia
1,glancing
1,hounds
1,jaguar
1,paw
1,methane
1,314
1,adobe
1,chloride
1,lightning
1,insect
1,california
1,neptune
1,franchise
1,wives
1,asbestos
1,sonya
1,04
1,night
1,willis
1,musical
1,antigua
1,interview
1,thank
1,buzzing
1,computer
1,paint
1,fluorescent
1,seating
1,primaries
1,burials
1,murals
1,cemeteries
1,statewide
1,von
1,cholera
1,lives
1,cavalry
1,ultrasound
1,grinding
1,##fle
1,tammy
1,congressional
1,geography
1,134
1,##esses
1,insulin
1,rosy
1,##tosis
1,iowa
1,meals
1,stamps
1,farmers
1,ur
1,##anus
1,asteroid
1,woman
1,inequality
1,pbs
1,lgbt
1,mothers
1,daughters
1,##aba
1,equal
1,electronic
1,mumbled
1,shooters
1,last
1,of
1,egypt
1,universities
1,degrees
1,armed
1,flank
1,tho
1,dyed
1,differently
1,##hing
1,toxin
1,others
1,newscast
1,east
1,registration
1,graduated
1,virginia
1,brazil
1,trey
1,barely
1,health
1,sale
1,bruises
1,shade
1,floral
1,59
1,##flies
1,dracula
1,exterior
1,personal
1,property
1,tax
1,modernized
1,couples
1,martha
1,stewart
1,widowed
1,747
1,د
1,##lift
1,yellowstone
1,tn
1,highways
1,patrolling
1,conservatives
1,##tis
1,angular
1,fe
1,cesare
1,thirties
1,737
1,dots
1,167
1,cowboy
1,phoenix
1,stinging
1,preceded
1,beatles
1,mechanically
1,http
1,1016
1,hmm
1,seeing
1,nathan
1,293
1,##eus
1,inventions
1,romans
1,ursula
1,izzy
1,settled
1,since
1,arabic
1,hummed
1,guatemala
1,everything
1,so
1,126
1,taluka
1,barbados
1,arkansas
1,##oma
1,##lastic
1,congenital
1,battlefield
1,burned
1,smallpox
1,nonstop
1,marrying
1,1759
1,hip
1,fracture
1,hiking
1,dt
1,d
1,signs
1,washington
1,often
1,revised
1,supervising
1,history
1,migrated
1,blacks
1,negro
1,802
1,orleans
1,adventist
1,¨
1,judiciary
1,quit
1,really
1,smoking
1,got
1,yankees
1,movements
1,civil
1,151
1,terrible
1,tropical
1,rebuilding
1,finishing
1,un
1,nguyen
1,##nesia
1,vanuatu
1,316
1,phone
1,sleeping
1,gs
1,clearance
1,superman
1,brooks
1,1688
1,underlying
1,australia
1,baylor
1,hereford
1,gets
1,designer
1,horses
1,chickens
1,nothing
1,changes
1,insulation
1,pitchers
1,cervical
1,healed
1,idaho
1,flower
1,indiana
1,fairs
1,##grounds
1,flashed
1,surgical
1,infection
