5,?
4,tornadoes
3,hurricane
3,wrestling
2,keyboard
2,afghanistan
2,paw
2,alexia
2,baptist
2,italianate
2,sept
2,design
2,muslims
2,volleyball
2,hispanic
2,lightning
2,hurricanes
2,espn
2,darkening
2,tornado
2,orange
2,blacks
2,clicking
2,powerplant
2,stabbing
1,guitar
1,reviews
1,1993
1,ninety
1,blues
1,gunshot
1,civilian
1,##eet
1,orlando
1,jacksonville
1,worst
1,when
1,mammals
1,jaguar
1,##thing
1,carolina
1,introducing
1,tropical
1,seminole
1,wounding
1,every
1,tb
1,cleopatra
1,29
1,von
1,railroad
1,fluorescent
1,680
1,earthquakes
1,296
1,cnn
1,adobe
1,¨
1,housing
1,appliances
1,homes
1,youtube
1,reviewing
1,twitter
1,billionaire
1,atheist
1,diversity
1,obama
1,ර
1,algeria
1,316
1,barbados
1,pilots
1,everything
1,mls
1,tis
1,celestial
1,welding
1,uss
1,orbital
1,orbiting
1,mapping
1,2021
1,kentucky
1,geography
1,quran
1,shade
1,vines
1,scheduling
1,illinois
1,romance
1,trey
1,wives
1,prairie
1,handball
1,₊
1,##cat
1,bob
1,gs
1,rate
1,sexually
1,childless
1,hinduism
1,1958
1,deserts
1,india
1,sudanese
1,bolivia
1,##lifting
1,louisiana
1,yellowstone
1,precipitation
1,tbs
1,sports
1,tuberculosis
1,maternal
1,nursing
1,indexed
1,##uity
1,reggae
1,october
1,jamestown
1,wikipedia
1,rv
1,california
1,ا
1,taxation
1,marriages
1,designing
1,apparel
1,programming
1,websites
1,islam
1,history
1,unmarried
1,##lidae
1,maui
1,nights
1,terrible
1,meals
1,iowa
1,spa
1,testosterone
1,##е
1,levels
1,1893
1,1902
1,turrets
1,[
1,missouri
1,hp
1,31
1,childbirth
1,equal
1,all
1,penis
1,feminist
1,wounded
1,thanking
1,animal
1,dentistry
1,antibiotics
1,plumbing
1,physiology
1,feminine
1,maids
1,unchanged
1,obesity
